,Piemonte,Valle d'Aosta,Lombardia,Trentino-Alto Adige,Veneto,Friuli-Venezia Giulia,Liguria,Emilia-Romagna,Toscana,Umbria,Marche,Lazio,Abruzzo,Molise,Campania,Puglia,Basilicata,Calabria,Sicilia,Sardegna
Piemonte,0.0,85.6,157.4,302.6,314.2,417.4,107.5,253.6,311.9,433.2,457.9,519.6,571.7,656.7,731.2,840.0,836.4,962.3,979.1,560.4
Valle d'Aosta,85.6,0.0,185.5,310.4,347.0,440.6,192.8,316.7,390.0,509.0,527.7,600.0,647.5,733.0,810.3,914.1,913.7,1043.1,1064.4,641.9
Lombardia,157.4,185.5,0.0,148.1,162.1,261.0,172.3,157.6,264.3,366.1,368.3,471.0,499.3,584.7,669.9,757.2,765.8,906.8,963.8,618.4
Trentino-Alto Adige,302.6,310.4,148.1,0.0,98.8,139.9,314.6,213.6,332.9,398.1,374.3,510.1,511.3,591.3,683.5,743.3,765.6,918.1,1012.1,729.8
Veneto,314.2,347.0,162.1,98.8,0.0,108.7,291.6,139.7,251.0,302.4,275.7,414.3,412.6,492.6,584.7,646.4,667.3,819.4,915.8,659.8
Friuli-Venezia Giulia,417.4,440.6,261.0,139.9,108.7,0.0,400.2,239.5,336.9,357.3,312.5,464.7,441.3,512.0,606.2,642.8,674.7,832.9,956.5,749.5
Liguria,107.5,192.8,172.3,314.6,291.6,400.2,0.0,188.5,214.8,337.5,370.9,416.7,474.9,558.6,629.4,744.0,736.4,858.2,871.6,465.8
Emilia-Romagna,253.6,316.7,157.6,213.6,139.7,239.5,188.5,0.0,120.0,208.8,213.3,315.8,341.9,427.5,512.3,602.4,608.8,749.2,813.8,521.0
Toscana,311.9,390.0,264.3,332.9,251.0,336.9,214.8,120.0,0.0,122.7,163.3,211.4,260.5,345.0,420.3,529.5,524.5,653.8,699.5,412.6
Umbria,433.2,509.0,366.1,398.1,302.4,357.3,337.5,208.8,122.7,0.0,67.8,112.0,138.6,224.0,304.5,407.1,404.9,540.9,614.0,430.8
Marche,457.9,527.7,368.3,374.3,275.7,312.5,370.9,213.3,163.3,67.8,0.0,154.8,137.1,219.5,309.9,389.2,398.9,546.0,645.4,498.0
Lazio,519.6,600.0,471.0,510.1,414.3,464.7,416.7,315.8,211.4,112.0,154.8,0.0,93.6,154.6,213.0,340.2,322.1,443.0,502.0,378.0
Abruzzo,571.7,647.5,499.3,511.3,412.6,441.3,474.9,341.9,260.5,138.6,137.1,93.6,0.0,85.9,172.9,269.1,267.3,409.6,516.2,468.9
Molise,656.7,733.0,584.7,591.3,492.6,512.0,558.6,427.5,345.0,224.0,219.5,154.6,85.9,0.0,94.1,187.1,181.4,326.9,456.9,500.4
Campania,731.2,810.3,669.9,683.5,584.7,606.2,629.4,512.3,420.3,304.5,309.9,213.0,172.9,94.1,0.0,151.1,111.9,237.1,368.4,499.2
Puglia,840.0,914.1,757.2,743.3,646.4,642.8,744.0,602.4,529.5,407.1,389.2,340.2,269.1,187.1,151.1,0.0,71.3,215.0,433.9,650.1
Basilicata,836.4,913.7,765.8,765.6,667.3,674.7,736.4,608.8,524.5,404.9,398.9,322.1,267.3,181.4,111.9,71.3,0.0,161.2,364.1,599.8
Calabria,962.3,1043.1,906.8,918.1,819.4,832.9,858.2,749.2,653.8,540.9,546.0,443.0,409.6,326.9,237.1,215.0,161.2,0.0,252.2,637.0
Sicilia,979.1,1064.4,963.8,1012.1,915.8,956.5,871.6,813.8,699.5,614.0,645.4,502.0,516.2,456.9,368.4,433.9,364.1,252.2,0.0,522.8
Sardegna,560.4,641.9,618.4,729.8,659.8,749.5,465.8,521.0,412.6,430.8,498.0,378.0,468.9,500.4,499.2,650.1,599.8,637.0,522.8,0.0
